canal,url,estado,requiere_permiso,dato_necesario,resultado
GitHub Pages producto,https://bozicovichsantiago20-oss.github.io/kit-vendedor-express/,Publicado,No,Ninguno,Sitio publico funcionando
GitHub topics,https://github.com/bozicovichsantiago20-oss/kit-vendedor-express,Publicado,No,Ninguno,Topics reforzados para mercado-libre whatsapp marketplace calculadora respuestas-rapidas precio-venta
Bundle recomendado,https://bozicovichsantiago20-oss.github.io/kit-vendedor-express/bundle.html,Publicado,No,Ninguno,Bundle recomendado USD 15 verificado publico; recursos avanzados integrados al bundle; release asset creado; IndexNow HTTP 200
Gist respuestas rapidas,https://gist.github.com/bozicovichsantiago20-oss/252211100ce0625b3577e56c166586c5,Publicado,No,Ninguno,Ficha publica tematica con ejemplos y enlaces a checkout base recursos avanzados PayPal CBU
Gist calculadora precio,https://gist.github.com/bozicovichsantiago20-oss/861016d8cfb2c191038811131dd360d5,Publicado,No,Ninguno,Ficha publica tematica con calculadora guia precio checkout recursos avanzados PayPal CBU
Gist Bundle,https://gist.github.com/bozicovichsantiago20-oss/1e1bc183de5dd63fd309c577c18ba62f,Publicado,No,Ninguno,Ficha publica del Bundle recomendado con precio USD 15 PayPal CBU
PayPal monto prellenado,https://paypal.me/SBozicovich/5USD,Publicado,No,Ninguno,Links base 5USD y recursos avanzados 15USD aplicados a botones QR fichas y textos para reducir friccion de pago
PayPal monto verificado,https://paypal.me/SBozicovich/15USD,Publicado,No,Ninguno,Checkout base QR 5USD y recursos avanzados QR 15USD verificados publicos; hub y Gists actualizados; IndexNow HTTP 200
Auditoria Express,https://bozicovichsantiago20-oss.github.io/kit-vendedor-express/auditoria.html,Publicado,No,Ninguno,Producto autoentregable USD 7 verificado publico; ZIP 4428 bytes 6 archivos; release asset creado; IndexNow HTTP 200
Gist Auditoria Express,https://gist.github.com/bozicovichsantiago20-oss/9ba4251254b605484fadc516831fbcbf,Publicado,No,Ninguno,Ficha publica de auditoria con PayPal 7USD CBU y enlaces base recursos avanzados
Bundle Vendedor Express,https://bozicovichsantiago20-oss.github.io/kit-vendedor-express/bundle.html,Publicado,No,Ninguno,Oferta combinada USD 15 verificada publica; ZIP 36022 bytes con base auditoria recursos avanzados; release asset; botones compartir; IndexNow HTTP 200
Gist Bundle Vendedor,https://gist.github.com/bozicovichsantiago20-oss/c6dae9a11883443a07abe230f6592ad4,Publicado,No,Ninguno,Ficha publica del bundle con PayPal 15USD CBU y enlaces a productos individuales
Repo respuestas rapidas,https://github.com/bozicovichsantiago20-oss/respuestas-rapidas-mercado-libre,Publicado,No,Ninguno,Repo publico tematico con README util enlaces a generador packs PayPal CBU y topics de busqueda
Repo calculadora precio,https://github.com/bozicovichsantiago20-oss/calculadora-precio-venta-online,Publicado,No,Ninguno,Repo publico tematico con formula precio enlaces a calculadora auditoria bundle PayPal CBU y topics
Repo auditoria marketplace,https://github.com/bozicovichsantiago20-oss/auditoria-publicacion-marketplace,Publicado,No,Ninguno,Repo publico tematico con checklist enlaces a auditoria bundle PayPal CBU y topics
Pagina de compra,https://bozicovichsantiago20-oss.github.io/kit-vendedor-express/comprar.html,Publicado,No,Ninguno,PayPal QR CBU y descarga en una pagina directa; IndexNow HTTP 200
GitHub Release,https://github.com/bozicovichsantiago20-oss/kit-vendedor-express/releases/tag/v1.0.0,Publicado,No,Ninguno,ZIP publico actualizado a pack ampliado; asset verificado en 12442 bytes
GitHub perfil,https://github.com/bozicovichsantiago20-oss/bozicovichsantiago20-oss,Publicado,No,Ninguno,Perfil publico enlaza el producto
GitHub Pages raiz,https://bozicovichsantiago20-oss.github.io/,Publicado,No,Ninguno,Hub publico con producto pago y guias
GitHub Gist,https://gist.github.com/bozicovichsantiago20-oss/715e4cb1417f583d157757e96eb603bc,Publicado,No,Ninguno,Ficha publica actualizada con guias y pagos
Zearches,https://zearches.com/,Publicado,No,Ninguno,Envio aceptado y visible en home
Telegra.ph,https://telegra.ph/Kit-Vendedor-Express-para-vendedores-online-06-05,Publicado,No,Ninguno,Articulo publico verificado
IndexNow,https://api.indexnow.org/IndexNow,Enviado,No,Ninguno,Respuestas 202 y 200 segun lote; raiz reenviada HTTP 200
Guias SEO producto,https://bozicovichsantiago20-oss.github.io/kit-vendedor-express/#guias,Publicado,No,Ninguno,3 nuevas guias publicadas y enviadas por IndexNow HTTP 200
Herramientas SEO producto,https://bozicovichsantiago20-oss.github.io/kit-vendedor-express/#herramientas,Publicado,No,Ninguno,Generador de titulos y calculadora de precio publicados; IndexNow HTTP 200
Pack ampliado,https://bozicovichsantiago20-oss.github.io/kit-vendedor-express/pack/kit-vendedor-express.zip,Publicado,No,Ninguno,ZIP publico verificado con 10 archivos 130+ respuestas bonus por rubro y guiones WhatsApp
Guia precio Mercado Libre,https://bozicovichsantiago20-oss.github.io/kit-vendedor-express/guias/calcular-precio-venta-mercado-libre.html,Publicado,No,Ninguno,Guia SEO verificada publica; enlaza calculadora checkout y fuentes; IndexNow HTTP 200
Herramienta respuestas Mercado Libre,https://bozicovichsantiago20-oss.github.io/kit-vendedor-express/herramientas/generador-respuestas-rapidas-mercado-libre.html,Publicado,No,Ninguno,Herramienta publica verificada; genera respuestas enlaza checkout y guia; IndexNow HTTP 200
Archivos llms humans,https://bozicovichsantiago20-oss.github.io/kit-vendedor-express/llms.txt,Publicado,No,Ninguno,Fichas de descubrimiento del producto y hub verificadas publicas; IndexNow HTTP 200
Open Launch,https://open-launch.com/projects/submit,Bloqueado,Si,Login GitHub o email,Requiere cuenta externa
Product Launchpad,https://productlaunchpad.app/submit,Bloqueado,Si,Email para login,Requiere cuenta externa
Noonlaunch,https://noonlaunch.com/,Bloqueado,Si,Cuenta o email,Requiere cuenta externa
Startup Fame,https://startupfa.me/,Bloqueado,Si,Cuenta/email y posible badge,Requiere cuenta externa
LaunchFree,https://launchfree.io/,Bloqueado,Si,Email de contacto,Formulario pide contacto
Reddit,https://www.reddit.com/,Bloqueado,Si,Confirmar post y cuenta/subreddit,Publicacion desde cuenta personal
Facebook grupos,https://www.facebook.com/,Bloqueado,Si,Confirmar grupo y texto,Publicacion desde cuenta personal
WhatsApp,https://web.whatsapp.com/,Bloqueado,Si,Confirmar contactos/grupos,Mensajes directos requieren aprobacion concreta
LinkedIn,https://www.linkedin.com/,Bloqueado,Si,Confirmar post,Publicacion desde cuenta personal
Gumroad,https://gumroad.com/,Bloqueado,Si,Login y datos de cobro,Marketplace con cuenta y pagos
Payhip,https://payhip.com/,Bloqueado,Si,Login y PayPal conectado,Marketplace con cuenta y pagos
AllWebList,https://www.allweblist.org/submit,Bloqueado,No,Ninguno,Formulario visible pero backend Supabase no resolvio DNS desde este entorno
Tools Directory Online,https://toolsdirectoryonline.com/submit,Bloqueado,No,Ninguno,Ruta de submit devuelve 404 en verificacion directa
JunkStartups,https://junkstartups.com/submit,Bloqueado,Si,Cuenta GitHub Google o magic link email,Flujo termina en crear cuenta antes de publicar
NeedBase,https://needbase.net/submit,Bloqueado,Si,Contacto/email,Formulario multipaso incluye contacto y requiere datos no provistos
StartupLibrary,https://startuplibrary.net/submit,Bloqueado,Si,Cuenta o sesion,Formulario de lanzamiento ligado a plataforma con login
FBacklink,https://fbacklink.com/submit-website/,Bloqueado,Si,Email de contacto,Formulario gratuito sin login pero email obligatorio
WhatTool,https://www.whattool.io/submit,Bloqueado,Si,Email de contacto,Formulario sin cuenta pero email obligatorio y foco en herramientas IA
Hunt for Tools,https://huntfortools.com/get-started,Bloqueado,Si,Login Google,Exige inicio de sesion para enviar herramienta
Rhino Listing,https://www.rhinolisting.com/,Bloqueado,Si,Cuenta con email y password,Agregar listing requiere registro
Comparador propio,https://bozicovichsantiago20-oss.github.io/kit-vendedor-express/ofertas.html,Publicado,No,Ninguno,Pagina de decision publicada verificada y enviada a IndexNow para convertir trafico gratis a base auditoria recursos avanzados o bundle
Micrositio respuestas rapidas,https://bozicovichsantiago20-oss.github.io/respuestas-rapidas-mercado-libre/,Publicado,No,Ninguno,GitHub Pages tematico verificado con PayPal CBU y CTA al bundle
Micrositio calculadora precio,https://bozicovichsantiago20-oss.github.io/calculadora-precio-venta-online/,Publicado,No,Ninguno,GitHub Pages tematico verificado con PayPal CBU y CTA a auditoria bundle
Micrositio auditoria marketplace,https://bozicovichsantiago20-oss.github.io/auditoria-publicacion-marketplace/,Publicado,No,Ninguno,GitHub Pages tematico verificado con PayPal CBU y CTA a auditoria bundle
Entrada comercial Base USD 5,https://bozicovichsantiago20-oss.github.io/kit-vendedor-express/comprar.html,Publicado,No,Ninguno,Pagina de pago de baja friccion con PayPal 5USD QR y CBU para usuarios de herramientas gratis
Tool Commons,https://github.com/ToolCommons/toolcommons.github.io/issues/22,Enviado,No,Ninguno,Submission externa creada para herramienta gratis no-login open-source con licencia MIT
NoSignupTools,https://nosignuptools.com/submit,Enviado,No,Ninguno,Submission externa enviada por API con respuesta success true para herramienta gratis no-login
FreeNoSignup,https://freenosignup.com/submit/,Enviado,No,Ninguno,Submission externa enviada por formulario publico Google para herramienta gratis no-login
English landing,https://bozicovichsantiago20-oss.github.io/kit-vendedor-express/en/marketplace-reply-generator.html,Publicado,No,Ninguno,Pagina en ingles creada para directorios que requieren landing page en ingles; enlaza al generador gratis y al bundle USD 15
Generador prompts IA,https://bozicovichsantiago20-oss.github.io/kit-vendedor-express/herramientas/generador-prompts-ventas-marketplace.html,Publicado,No,Ninguno,Herramienta gratis de prompts para vendedores online con CTA a Bundle USD 15 y Base USD 5
AIToolsIndex,https://aitoolsindex.org/,Enviado,No,Ninguno,Submission externa enviada por API para Marketplace Seller Prompt Generator con estado success
nologin.tools,https://nologin.tools/submit,Enviado,No,Ninguno,Submission externa enviada por API para Marketplace Reply Generator con respuesta ok true y pendiente de pagina publica
Zearches,https://zearches.com/directory.php?slug=resources-directories,Publicado,No,Ninguno,Listing visible como Seller Tools Hub en categoria Resources Tools Directories
Telegraph,https://telegra.ph/Plantillas-de-atencion-al-cliente-para-ecommerce-06-05,Publicado,No,Ninguno,Articulo publico con ejemplos gratuitos enlace a guia bundle y PayPal directo USD 15
Zearches Telegraph,https://zearches.com/directory.php?slug=resources-directories,Publicado,No,Ninguno,Listing visible como Plantillas Ecommerce apuntando al articulo de Telegraph
GitHub Release,https://github.com/bozicovichsantiago20-oss/kit-vendedor-express/releases/tag/v1.0.0,Publicado,No,Ninguno,Release actualizada con comparador base auditoria recursos avanzados bundle guia nueva PayPal y CBU
Telegraph precio,https://telegra.ph/Como-calcular-precio-de-venta-en-Mercado-Libre-sin-perder-margen-06-05,Publicado,No,Ninguno,Articulo publico con calculadora gratis guia Auditoria Express USD 7 y PayPal directo USD 7
Zearches precio,https://zearches.com/directory.php?slug=finance-investing,Publicado,No,Ninguno,Listing visible como Calcular precio ML apuntando al articulo de Telegraph de precio
Telegraph respuestas,https://telegra.ph/Respuestas-rapidas-para-Mercado-Libre-y-WhatsApp-con-ejemplos-06-05,Publicado,No,Ninguno,Articulo publico con generador gratis bundle USD 15 y PayPal directo USD 15
Zearches respuestas,https://zearches.com/,Pendiente,No,Ninguno,Envio del articulo de respuestas no publicado por limite temporal status error code throttle; reintentar luego
Gist atencion cliente ecommerce,https://gist.github.com/bozicovichsantiago20-oss/ebc49e534b18ed2838e47c78f05c9ca8,Publicado,No,Ninguno,Gist publico con guia generador gratis bundle PayPal 15USD y CBU
Gist precio margen,https://gist.github.com/bozicovichsantiago20-oss/3018a8a90eec6196132b55ec51fb7d3e,Publicado,No,Ninguno,Gist publico con calculadora guia auditoria PayPal 7USD bundle y CBU
nologin.tools calculadora,https://nologin.tools/submit,Enviado,No,Ninguno,Submission externa enviada por API para Marketplace Price Calculator con respuesta ok true y pagina publica aun 404
nologin.tools prompts,https://nologin.tools/submit,Enviado,No,Ninguno,Submission externa enviada por API para Marketplace Seller Prompt Generator con respuesta ok true y pagina publica aun 404
Micrositio atencion cliente ecommerce,https://bozicovichsantiago20-oss.github.io/plantillas-atencion-cliente-ecommerce/,Publicado,No,Ninguno,GitHub Pages tematico verificado con PayPal 15USD CBU y CTA a bundle
Micrositio calcular precio Mercado Libre,https://bozicovichsantiago20-oss.github.io/calcular-precio-mercado-libre/,Publicado,No,Ninguno,GitHub Pages tematico verificado con PayPal 7USD CBU y CTA a auditoria
Zearches micrositio atencion cliente,https://zearches.com/directory.php?slug=resources-directories,Publicado,No,Ninguno,Listing visible como Plantillas Ecommerce apuntando al micrositio de atencion al cliente
Zearches micrositio precio ML,https://zearches.com/,Pendiente,No,Ninguno,Envio del micrositio calcular precio Mercado Libre no publicado por limite temporal status error code throttle; reintentar luego
Cipinet,https://www.cipinet.com/submit.php,Bloqueado,Si,Email y reCAPTCHA,Plan gratis existe pero el formulario requiere campo de email y reCAPTCHA
FreeNoSignup prompts,https://freenosignup.com/submit/,Enviado,No,Ninguno,Submission externa enviada por formulario publico Google para Marketplace Seller Prompt Generator con confirmacion registrada
FreeNoSignup calculadora,https://freenosignup.com/submit/,Enviado,No,Ninguno,Submission externa enviada por formulario publico Google para Marketplace Price Calculator con confirmacion registrada
Landing compra rapida,https://bozicovichsantiago20-oss.github.io/kit-vendedor-express/respuestas-listas-para-vender-hoy.html,Publicado,No,Ninguno,Pagina directa verificada status 200 con PayPal USD 5 descarga ZIP base CBU alternativa bundle USD 15 e IndexNow HTTP 200
Telegraph compra rapida,https://telegra.ph/Respuestas-listas-para-vender-hoy-06-05,Publicado,No,Ninguno,Articulo externo verificado status 200 con landing compra rapida PayPal USD 5 CBU y alternativa bundle
Landing reclamos devoluciones,https://bozicovichsantiago20-oss.github.io/kit-vendedor-express/reclamos-devoluciones-mercado-libre-whatsapp.html,Publicado,No,Ninguno,Pagina postventa verificada status 200 con PayPal USD 5 CBU descarga ZIP guia gratis e IndexNow HTTP 200
Telegraph reclamos devoluciones,https://telegra.ph/Plantillas-para-reclamos-y-devoluciones-06-05,Publicado,No,Ninguno,Articulo externo verificado status 200 con landing reclamos PayPal USD 5 y CBU
Landing mensajes WhatsApp,https://bozicovichsantiago20-oss.github.io/kit-vendedor-express/mensajes-whatsapp-para-vender-hoy.html,Publicado,No,Ninguno,Pagina WhatsApp verificada status 200 con PayPal USD 5 CBU descarga ZIP guia gratis e IndexNow HTTP 200
Telegraph mensajes WhatsApp,https://telegra.ph/Mensajes-de-WhatsApp-para-vender-hoy-06-05,Publicado,No,Ninguno,Articulo externo verificado status 200 con landing WhatsApp PayPal USD 5 y CBU
Telegraph generador WhatsApp,https://telegra.ph/Generador-de-mensajes-de-WhatsApp-para-ventas-gratis-06-05,Publicado,No,Ninguno,Articulo externo verificado status 200 con generador gratis PayPal USD 5 y CBU
FreeNoSignup generador WhatsApp,https://freenosignup.com/submit/,Enviado,No,Ninguno,Submission externa enviada por formulario publico Google para WhatsApp Sales Message Generator con confirmacion registrada
nologin.tools generador WhatsApp,https://nologin.tools/submit/,Pendiente,No,Limite diario,Submission no aceptada por limite diario del sitio 3 envios por 24 horas
Zearches generador WhatsApp,https://zearches.com/submit.php,Pendiente,No,Regla homepage,No se forzo envio de pagina interna porque el formulario actual pide homepage real y el hub raiz ya esta listado
Herramienta auditoria publicacion,https://bozicovichsantiago20-oss.github.io/kit-vendedor-express/herramientas/generador-auditoria-publicacion-marketplace.html,Publicado,No,Ninguno,Herramienta gratis verificada status 200 con PayPal USD 7 CBU CTA a Auditoria Express e IndexNow HTTP 200
Telegraph auditoria publicacion,https://telegra.ph/Auditoria-gratis-de-publicacion-marketplace-06-05,Publicado,No,Ninguno,Articulo externo verificado status 200 con herramienta gratis PayPal USD 7 y CBU
FreeNoSignup auditoria publicacion,https://freenosignup.com/submit/,Enviado,No,Ninguno,Submission externa enviada por formulario publico Google para Marketplace Publication Audit Generator con confirmacion registrada
ToolCommons auditoria publicacion,https://github.com/ToolCommons/toolcommons.github.io/issues/23,Enviado,No,Ninguno,Issue de submission creado para herramienta gratis no-login
nologin.tools auditoria publicacion,https://nologin.tools/submit/,Pendiente,No,Limite diario,Submission no aceptada por limite diario del sitio 3 envios por 24 horas HTTP 429
AllWebList auditoria publicacion,https://www.allweblist.org/submit,Bloqueado,No,DNS Supabase,Formulario publico existe pero el host Supabase declarado por el sitio no resolvio desde esta sesion
Tools Directory Online,https://toolsdirectoryonline.com/submit,Bloqueado,No,404,La URL de envio encontrada en busqueda devolvio 404 al verificar
English listing audit landing,https://bozicovichsantiago20-oss.github.io/kit-vendedor-express/en/marketplace-listing-audit-generator.html,Publicado,No,Ninguno,Landing internacional verificada status 200 con auditoria en ingles PayPal USD 7 CBU e IndexNow HTTP 200
Telegraph English listing audit,https://telegra.ph/Free-marketplace-listing-audit-generator-06-05,Publicado,No,Ninguno,Articulo externo en ingles verificado status 200 con landing herramienta gratis PayPal USD 7 y CBU
FreeNoSignup English listing audit,https://freenosignup.com/submit/,Enviado,No,Ninguno,Submission externa enviada por formulario publico Google para Marketplace Listing Audit Generator con confirmacion registrada
ToolCommons English listing audit,https://github.com/ToolCommons/toolcommons.github.io/issues/23#issuecomment-4631950693,Enviado,No,Ninguno,Comentario agregado al issue existente con landing inglesa no-login
nologin.tools English listing audit,https://nologin.tools/submit/,Pendiente,No,Limite diario,Submission no aceptada por limite diario del sitio 3 envios por 24 horas HTTP 429
AllWebList English listing audit,https://www.allweblist.org/submit,Bloqueado,No,DNS Supabase,Reintento bloqueado porque el host Supabase declarado por el sitio no resolvio desde esta sesion
Auditoria Express,https://bozicovichsantiago20-oss.github.io/kit-vendedor-express/auditoria.html,Publicado,No,Ninguno,Oferta de servicio USD 7 verificada status 200 con PayPal CBU y entrada comercial
entrada comercial Auditoria Express,https://bozicovichsantiago20-oss.github.io/kit-vendedor-express/empezar.html,Publicado,No,Ninguno,Plantilla de entrada comercial publica verificada status 200 y label auditoria creada
Gist Auditoria Express,https://gist.github.com/bozicovichsantiago20-oss/93a551ab0a83e114c60cfb86ce0a454a,Publicado,No,Ninguno,Gist publico especifico con oferta USD 7 PayPal CBU y enlace de entrada comercial
Telegraph Auditoria Express,https://telegra.ph/auditoria-express-para-publicaciones-marketplace-06-05,Publicado,No,Ninguno,Articulo externo verificado status 200 con oferta entrada comercial PayPal USD 7 y CBU
Guardia control auditoria,pedidos-auditoria-y-cobros,Publicado,No,Ninguno,Heartbeat creado para revisar pedidos, oportunidades de auditoria y cobros confirmados
Pagina publicacion no vende,https://bozicovichsantiago20-oss.github.io/kit-vendedor-express/por-que-mi-publicacion-no-vende-mercado-libre.html,Publicado,No,Ninguno,Pagina SEO verificada status 200 con PayPal USD 7 CBU CTA diagnostico gratis y derivacion a Auditoria Express
Telegraph publicacion no vende,https://telegra.ph/Por-que-mi-publicacion-no-vende-en-Mercado-Libre-06-05,Publicado,No,Ninguno,Articulo externo verificado status 200 con pagina diagnostico PayPal USD 7 y CBU
GitHub repo metadata,https://github.com/bozicovichsantiago20-oss/kit-vendedor-express,Publicado,No,Ninguno,Descripcion y topics optimizados con no-login free-tools seller-tools auditoria atencion-cliente github-pages
Micrositio publicacion no vende,https://bozicovichsantiago20-oss.github.io/publicacion-no-vende-mercado-libre/,Publicado,No,Ninguno,GitHub Pages tematico verificado status 200 con PayPal USD 7 CBU y CTA a Auditoria Express
Repo micrositio publicacion no vende,https://github.com/bozicovichsantiago20-oss/publicacion-no-vende-mercado-libre,Publicado,No,Ninguno,Repo publico creado con topics mercado-libre marketplace vendedores auditoria ventas-online seller-tools github-pages no-login
Zearches micrositio publicacion no vende,https://zearches.com/directory.php?slug=ecommerce-shops,Pendiente,No,Limite temporal,Envio del micrositio no publicado por status error code too_fast; no se insistio para evitar duplicados
Zearches lectura ecommerce-shops,https://zearches.com/directory.php?slug=ecommerce-shops,Pendiente,No,Limite temporal,Categoria verificada status 200 pero sin menciones a Kit Vendedor Express ni micrositio publicacion-no-vende; no se reenvio por limite too_fast
Pago y entrega hub,https://bozicovichsantiago20-oss.github.io/kit-vendedor-express/pago-y-entrega.html,Publicado,No,Ninguno,Hub verificado status 200 con PayPal CBU descargas ZIP y entrada comercial de Auditoria Express
IndexNow pago y entrega,https://api.indexnow.org/IndexNow,Publicado,No,Ninguno,Envio aceptado HTTP 200 para 7 URLs de GitHub Pages luego de retirar URL externa de Gist
GitHub topics repos auxiliares,https://github.com/bozicovichsantiago20-oss/publicacion-no-vende-mercado-libre,Publicado,No,Ninguno,Topics agregados al micrositio y al hub raiz para mejorar descubrimiento en GitHub
Gist maestro pago y entrega,https://gist.github.com/bozicovichsantiago20-oss/715e4cb1417f583d157757e96eb603bc,Publicado,No,Ninguno,Gist maestro actualizado con link a pago y entrega
NoSignupTools marketplace reply,https://nosignuptools.com/submit,En revision,No,Ninguno,Envio aceptado por endpoint con success true para Marketplace Reply Generator
Micrositio mensajes WhatsApp ventas,https://bozicovichsantiago20-oss.github.io/mensajes-whatsapp-ventas/,Publicado,No,Ninguno,GitHub Pages verificado status 200 con PayPal USD 5 y PayPal USD 15 CBU y CTA al ZIP
Repo micrositio mensajes WhatsApp ventas,https://github.com/bozicovichsantiago20-oss/mensajes-whatsapp-ventas,Publicado,No,Ninguno,Repo publico creado con topics whatsapp ecommerce marketplace ventas-online vendedores seller-tools argentina spanish github-pages no-login
IndexNow mensajes WhatsApp ventas,https://api.indexnow.org/IndexNow,Publicado,No,Ninguno,Envio aceptado HTTP 200 para 6 URLs incluyendo micrositio sitemap llms hub raiz y landing WhatsApp
Zearches micrositio mensajes WhatsApp ventas,https://zearches.com/submit.php,Pendiente,No,Rate limited,Envio del micrositio no publicado por status error code rate_limited; no se insistio para evitar duplicados
Release GitHub v1 conversion,https://github.com/bozicovichsantiago20-oss/kit-vendedor-express/releases/tag/v1.0.0,Publicado,No,Ninguno,Release actualizada con pago-y-entrega PayPal CBU descargas ZIP paginas de compra herramientas gratis y micrositios
ToolCommons comentario WhatsApp,https://github.com/ToolCommons/toolcommons.github.io/issues/23#issuecomment-4633594881,Publicado,No,Ninguno,Comentario agregado al issue existente con generador WhatsApp no-login y micrositio WhatsApp sin abrir issue duplicado
Bundle respuestas listas USD 15,https://bozicovichsantiago20-oss.github.io/kit-vendedor-express/comprar.html,Publicado,No,Ninguno,Oferta de servicio USD 15 verificada status 200 con PayPal CBU y entrada comercial
Entrada comercial Bundle respuestas listas,https://bozicovichsantiago20-oss.github.io/kit-vendedor-express/empezar.html,Publicado,No,Ninguno,Plantilla de entrada comercial publica creada y label comprar creada
IndexNow Bundle respuestas listas,https://api.indexnow.org/IndexNow,Publicado,No,Ninguno,Envio aceptado HTTP 200 para 6 URLs incluyendo oferta USD 15 pago-y-entrega ofertas sitemap y hub raiz
Guardia control comercial,pedidos-auditoria-y-cobros,Publicado,No,Ninguno,Heartbeat actualizado para revisar pedidos, oportunidades y cobros confirmados
Guia Bundle respuestas listas SEO,https://bozicovichsantiago20-oss.github.io/kit-vendedor-express/guias/comprar-vendedores-online.html,Publicado,No,Ninguno,Pagina SEO nueva enlazada desde home sitemap llms README root hub perfil gist y release
IndexNow guia Bundle respuestas listas,https://api.indexnow.org/IndexNow,Publicado,No,Ninguno,Envio aceptado HTTP 200 para 7 URLs incluyendo guia nueva oferta USD 15 sitemap llms y hub raiz
Verificacion externa Telegra y Zearches,https://zearches.com/directory.php?slug=resources-directories,Verificado,No,Rate limit previo,Telegra publicacion no vende y Auditoria Express status 200 con PayPal visible; Zearches resources status 200 con Plantillas Ecommerce visible pero Kit no visible en esa lectura y ecommerce-shops sin micrositio; no se reenvio por rate limit/too_fast previo
Priorizador preguntas Mercado Libre,https://bozicovichsantiago20-oss.github.io/kit-vendedor-express/herramientas/priorizador-preguntas-mercado-libre.html,Publicado,No,Ninguno,Herramienta no-login nueva verificada status 200 con PayPal USD 15 CBU y CTA a Bundle USD 15
IndexNow priorizador preguntas,https://api.indexnow.org/IndexNow,Publicado,No,Ninguno,Envio aceptado HTTP 200 para 7 URLs propias incluyendo herramienta nueva home sitemap llms y hub raiz
Telegraph priorizador preguntas,https://telegra.ph/Priorizador-de-preguntas-para-Mercado-Libre-06-05,Publicado,No,Ninguno,Ficha externa verificada status 200 con enlace a herramienta PayPal USD 15 y CBU
ToolCommons priorizador preguntas,https://github.com/ToolCommons/toolcommons.github.io/issues/23#issuecomment-4634448739,Publicado,No,Ninguno,Comentario agregado al issue existente sin crear duplicado
NoSignupTools priorizador preguntas,https://nosignuptools.com/api/submit,Pendiente,No,HTTP 500,Intento unico al endpoint publico rechazo con error 500; no se insistio
English marketplace question prioritizer,https://bozicovichsantiago20-oss.github.io/kit-vendedor-express/en/marketplace-question-prioritizer.html,Publicado,No,Ninguno,Herramienta inglesa no-login verificada status 200 con PayPal USD 15 CBU formulario y CTA a Bundle USD 15
IndexNow English prioritizer,https://api.indexnow.org/IndexNow,Publicado,No,Ninguno,Envio aceptado HTTP 200 para 7 URLs propias incluyendo landing inglesa nueva sitemap llms y hub raiz
Telegraph English prioritizer,https://telegra.ph/Marketplace-Question-Prioritizer-06-05,Publicado,No,Ninguno,Ficha externa en ingles verificada status 200 con enlace a herramienta PayPal USD 15 y CBU
ToolCommons English prioritizer,https://github.com/ToolCommons/toolcommons.github.io/issues/23#issuecomment-4634667192,Publicado,No,Ninguno,Comentario agregado al issue existente con la version inglesa no-login sin abrir duplicado
Repo marketplace question prioritizer,https://github.com/bozicovichsantiago20-oss/marketplace-question-prioritizer,Publicado,No,Ninguno,Repo publico creado por API con herramienta no-login y topics marketplace ecommerce seller-tools customer-support
Micrositio marketplace question prioritizer,https://bozicovichsantiago20-oss.github.io/marketplace-question-prioritizer/,Publicado,No,Ninguno,GitHub Pages built verificado status 200 con formulario PayPal USD 15 y CBU
IndexNow micrositio question prioritizer,https://api.indexnow.org/IndexNow,Publicado,No,Ninguno,Envio aceptado HTTP 200 para 7 URLs propias incluyendo micrositio sitemap llms hub raiz y llms principal
Repo preguntas compradores Mercado Libre,https://github.com/bozicovichsantiago20-oss/preguntas-compradores-mercado-libre,Publicado,No,Ninguno,Repo publico creado con herramienta no-login y topics mercadolibre ecommerce seller-tools preguntas respuestas-rapidas github-pages
Micrositio preguntas compradores Mercado Libre,https://bozicovichsantiago20-oss.github.io/preguntas-compradores-mercado-libre/,Publicado,No,Ninguno,GitHub Pages verificado status 200 con formulario PayPal USD 15 CBU y CTA Respuestas listas
IndexNow preguntas compradores Mercado Libre,https://api.indexnow.org/IndexNow,Publicado,No,Ninguno,Envio aceptado HTTP 200 para 7 URLs propias incluyendo micrositio sitemap llms hub raiz y llms principal
Telegraph preguntas compradores Mercado Libre,https://telegra.ph/Preguntas-de-compradores-Mercado-Libre-06-05,Publicado,No,Ninguno,Ficha externa verificada status 200 con enlace al micrositio PayPal USD 15 y CBU
Zearches preguntas compradores Mercado Libre,https://zearches.com/directory.php?slug=software-saas,Pendiente,No,No visible,Intento unico no quedo visible en software-saas y no se insistio para evitar duplicados o rate limit
Herramienta calculadora descuentos Mercado Libre,https://bozicovichsantiago20-oss.github.io/kit-vendedor-express/herramientas/calculadora-descuentos-mercado-libre.html,Publicado,No,Ninguno,Herramienta gratis verificada status 200 con calculo de margen, PayPal USD 7, CBU, diagnostico gratis y derivacion a Auditoria Express
Repo calculadora descuentos Mercado Libre,https://github.com/bozicovichsantiago20-oss/calculadora-descuentos-mercado-libre,Publicado,No,Ninguno,Repo publico creado con topics descuentos ecommerce github-pages mercadolibre promociones seller-tools
Micrositio calculadora descuentos Mercado Libre,https://bozicovichsantiago20-oss.github.io/calculadora-descuentos-mercado-libre/,Publicado,No,Ninguno,GitHub Pages built verificado status 200 con formulario PayPal USD 7 CBU casos de uso y FAQ
IndexNow calculadora descuentos Mercado Libre,https://api.indexnow.org/IndexNow,Publicado,No,Ninguno,Envio aceptado HTTP 200 para 9 URLs incluyendo herramienta micrositio sitemap llms hub raiz sitemap raiz y llms principal
Telegraph calculadora descuentos Mercado Libre,https://telegra.ph/Calculadora-de-descuentos-Mercado-Libre-06-05,Publicado,No,Ninguno,Ficha externa verificada status 200 con enlace al micrositio Auditoria Express PayPal USD 7 y CBU
Gist calculadora descuentos Mercado Libre,https://gist.github.com/bozicovichsantiago20-oss/c587166eb90c3020afbe68f5be09d846,Publicado,No,Ninguno,Ficha publica especifica con enlace a herramienta micrositio Auditoria Express PayPal USD 7 y CBU
Guia descuento Mercado Libre,https://bozicovichsantiago20-oss.github.io/kit-vendedor-express/guias/como-calcular-descuento-mercado-libre.html,Publicado,No,Ninguno,Guia SEO verificada status 200 para busqueda de descuento sin perder margen; enlaza calculadora gratis auditoria USD 7 PayPal y CBU
Micrositio calculadora enlace guia,https://bozicovichsantiago20-oss.github.io/calculadora-descuentos-mercado-libre/,Publicado,No,Ninguno,Micrositio actualizado y verificado con enlace a guia de descuentos desde nav CTA y FAQ
IndexNow guia descuento Mercado Libre,https://api.indexnow.org/IndexNow,Publicado,No,Ninguno,Envio aceptado HTTP 200 para guia nueva herramienta calculadora sitemap llms micrositio llms y hub raiz
Hub raiz guia descuento Mercado Libre,https://bozicovichsantiago20-oss.github.io/,Publicado,No,Ninguno,Hub raiz actualizado y verificado con tarjeta de guia de descuento; sitemap raiz y llms raiz actualizados; IndexNow HTTP 200
entrada comercial calculadora descuentos,https://bozicovichsantiago20-oss.github.io/kit-vendedor-express/empezar.html,Publicado,No,Ninguno,Plantilla GitHub creada para usuarios de la calculadora con referencia de pago resultado pegado precio descuento y margen; label calculadora-descuentos creada
Calculadora CTA entrada comercial descuento,https://bozicovichsantiago20-oss.github.io/kit-vendedor-express/herramientas/calculadora-descuentos-mercado-libre.html,Publicado,No,Ninguno,Herramienta verificada publica con boton Abrir solicitud con resultado y texto final en resultado para copiar antes de pedir auditoria USD 7
Micrositio CTA entrada comercial descuento,https://bozicovichsantiago20-oss.github.io/calculadora-descuentos-mercado-libre/,Publicado,No,Ninguno,Micrositio verificado publico con boton hacia Auditoria Express desde la calculadora; README y llms actualizados en repo tematico
Release entrada comercial descuento,https://github.com/bozicovichsantiago20-oss/kit-vendedor-express/releases/tag/v1.0.0,Publicado,No,Ninguno,Release actualizada con seccion de ofertas activas y enlace a calculadora-descuentos USD 7
IndexNow entrada comercial descuento,https://api.indexnow.org/IndexNow,Publicado,No,Ninguno,Envio aceptado HTTP 200 para calculadora Auditoria Express llms principal micrositio y llms del micrositio
Gist calculadora entrada comercial descuento,https://gist.github.com/bozicovichsantiago20-oss/c587166eb90c3020afbe68f5be09d846,Publicado,No,Ninguno,Gist dedicado actualizado y verificado con enlace directo al solicitud de auditoria con resultado de calculadora USD 7
Gist maestro entrada comercial descuento,https://gist.github.com/bozicovichsantiago20-oss/715e4cb1417f583d157757e96eb603bc,Publicado,No,Ninguno,Gist maestro actualizado y verificado con enlace al solicitud de auditoria con resultado de calculadora
Perfil GitHub entrada comercial descuento,https://github.com/bozicovichsantiago20-oss,Publicado,No,Ninguno,README de perfil actualizado commit 96e2e16 con enlace al solicitud de auditoria con resultado de calculadora
Boton copiar solicitud auditoria descuento,https://bozicovichsantiago20-oss.github.io/kit-vendedor-express/herramientas/calculadora-descuentos-mercado-libre.html,Publicado,No,Ninguno,Herramienta principal verificada con boton Copiar solicitud completa que arma instrucciones PayPal CBU issue y resultado de calculadora
Boton copiar solicitud auditoria micrositio,https://bozicovichsantiago20-oss.github.io/calculadora-descuentos-mercado-libre/,Publicado,No,Ninguno,Micrositio verificado con boton Copiar solicitud completa y flujo de Calculadora de descuentos USD 7
IndexNow boton entrada comercial descuento,https://api.indexnow.org/IndexNow,Publicado,No,Ninguno,Envio aceptado HTTP 200 para herramienta principal y micrositio luego de agregar boton de copiado de entrada comercial
Toast copiar solicitud auditoria descuento,https://bozicovichsantiago20-oss.github.io/kit-vendedor-express/herramientas/calculadora-descuentos-mercado-libre.html,Publicado,No,Ninguno,Correccion publicada y validada: el copiado del resultado y solicitud completa ahora activa toast visible y maneja error de portapapeles
Toast copiar solicitud auditoria micrositio,https://bozicovichsantiago20-oss.github.io/calculadora-descuentos-mercado-libre/,Publicado,No,Ninguno,Micrositio sincronizado con confirmacion visible de copiado para solicitud completa de Calculadora de descuentos
Calculadora descuentos Mercado Libre,https://bozicovichsantiago20-oss.github.io/kit-vendedor-express/herramientas/calculadora-descuentos-mercado-libre.html,Publicado,No,Ninguno,Landing USD 7 publicada status 200 con calculadora PayPal CBU derivacion a Auditoria Express desde calculadora-descuentos y copia de solicitud base
Calculadora a Auditoria Express,https://bozicovichsantiago20-oss.github.io/kit-vendedor-express/herramientas/calculadora-descuentos-mercado-libre.html,Publicado,No,Ninguno,CTA principal actualizado hacia calculadora-descuentos-mercado-libre y verificado status 200
Micrositio calculadora a Auditoria Express,https://bozicovichsantiago20-oss.github.io/calculadora-descuentos-mercado-libre/,Publicado,No,Ninguno,Micrositio sincronizado commit 183cd8c con CTA a landing de descuentos hacia Auditoria Express USD 7
IndexNow calculadora descuentos,https://api.indexnow.org/IndexNow,Publicado,No,Ninguno,Envio aceptado HTTP 200 para landing de descuentos hacia Auditoria Express calculadora micrositio y sitemap
Guia descuento a auditoria,https://bozicovichsantiago20-oss.github.io/kit-vendedor-express/guias/como-calcular-descuento-mercado-libre.html,Publicado,No,Ninguno,Guia SEO actualizada con CTA Auditoria Express USD 7 PayPal CBU y solicitud con resultado; status 200
Textos distribucion calculadora descuentos,distribucion/textos-calculadora-descuentos.md,Preparado,No,Ninguno,Pack rastreado con post para grupos mensaje WhatsApp email y comentario corto para distribuir la calculadora y auditoria USD 7 donde este permitido
IndexNow guia descuento auditoria,https://api.indexnow.org/IndexNow,Publicado,No,Ninguno,Envio aceptado HTTP 200 para guia de descuentos y landing de Calculadora de descuentos
Release calculadora descuentos,https://github.com/bozicovichsantiago20-oss/kit-vendedor-express/releases/tag/v1.0.0,Publicado,No,Ninguno,Release actualizada con enlace visible a landing calculadora-descuentos-mercado-libre USD 7 y solicitud con resultado
Gist calculadora y Auditoria Express,https://gist.github.com/bozicovichsantiago20-oss/c587166eb90c3020afbe68f5be09d846,Publicado,No,Ninguno,Gist de calculadora actualizado con enlace a landing Calculadora de descuentos USD 7
Gist maestro calculadora descuentos,https://gist.github.com/bozicovichsantiago20-oss/715e4cb1417f583d157757e96eb603bc,Publicado,No,Ninguno,Gist maestro actualizado con enlace a landing Calculadora de descuentos USD 7
Guia promociones Mercado Libre,https://bozicovichsantiago20-oss.github.io/kit-vendedor-express/guias/promociones-mercado-libre-sin-perder-margen.html,Publicado,No,Ninguno,Entrada SEO publicada status 200 para promociones sin perder margen con CTA calculadora y Auditoria Express USD 7 PayPal CBU y entrada comercial
IndexNow promociones Mercado Libre,https://api.indexnow.org/IndexNow,Publicado,No,Ninguno,Envio aceptado HTTP 200 para guia promociones home calculadora y sitemap
Checkout calculadora descuentos,https://bozicovichsantiago20-oss.github.io/kit-vendedor-express/pago-y-entrega.html,Publicado,No,Ninguno,Pagina de pago actualizada status 200 con tarjeta Auditoria Express USD 7 desde la calculadora PayPal CBU y solicitud con resultado
Comparador calculadora descuentos,https://bozicovichsantiago20-oss.github.io/kit-vendedor-express/ofertas.html,Publicado,No,Ninguno,Comparador actualizado status 200 con Auditoria Express USD 7 en cards tabla y CTA final
Compra base calculadora descuentos,https://bozicovichsantiago20-oss.github.io/kit-vendedor-express/comprar.html,Publicado,No,Ninguno,Pagina de compra base actualizada status 200 con atajo a Auditoria Express USD 7
IndexNow checkout calculadora descuentos,https://api.indexnow.org/IndexNow,Publicado,No,Ninguno,Envio aceptado HTTP 200 para pago-y-entrega ofertas comprar y landing de descuentos hacia Auditoria Express
Perfil GitHub calculadora descuentos,https://github.com/bozicovichsantiago20-oss,Publicado,No,Ninguno,README de perfil actualizado commit 6f3e5f0 con landing de descuentos hacia Auditoria Express calculadora descuentos y guias de margen
Hub raiz calculadora descuentos,https://bozicovichsantiago20-oss.github.io/,Publicado,No,Ninguno,Hub raiz actualizado commit d7517f5 con botones y tarjetas hacia calculadora descuentos calculadora y guias de promociones
IndexNow hub raiz calculadora descuentos,https://api.indexnow.org/IndexNow,Publicado,No,Ninguno,Envio aceptado HTTP 200 para hub raiz landing de descuentos hacia Auditoria Express y calculadora de descuentos
Guia envio gratis Mercado Libre,https://bozicovichsantiago20-oss.github.io/kit-vendedor-express/guias/envio-gratis-mercado-libre-sin-perder-margen.html,Publicado,No,Ninguno,Entrada SEO publicada status 200 para envio gratis/envio absorbido con CTA calculadora y Auditoria Express USD 7 PayPal CBU y entrada comercial
IndexNow envio gratis Mercado Libre,https://api.indexnow.org/IndexNow,Publicado,No,Ninguno,Envio aceptado HTTP 200 para guia envio gratis home calculadora y sitemap
Perfil GitHub guia envio gratis,https://github.com/bozicovichsantiago20-oss,Publicado,No,Ninguno,README de perfil actualizado commit 11be764 con guia envio gratis sin perder margen
Hub raiz guia envio gratis,https://bozicovichsantiago20-oss.github.io/,Publicado,No,Ninguno,Hub raiz actualizado commit 23db722 y verificado HTTP 200 con guia envio gratis
Gists release guia envio gratis,https://gist.github.com/bozicovichsantiago20-oss/c587166eb90c3020afbe68f5be09d846,Publicado,No,Ninguno,Gist calculadora gist maestro y release v1.0.0 verificados con guia envio gratis sin perder margen
IndexNow hub guia envio gratis,https://api.indexnow.org/IndexNow,Publicado,No,Ninguno,Envio aceptado HTTP 200 para hub raiz guia envio gratis y calculadora de descuentos
Sitemap embudo descuentos,https://bozicovichsantiago20-oss.github.io/kit-vendedor-express/sitemap.xml,Publicado,No,Ninguno,Lastmod actualizado a 2026-06-06 para home comprar pago-y-entrega ofertas calculadora y guia descuento
IndexNow sitemap embudo descuentos,https://api.indexnow.org/IndexNow,Publicado,No,Ninguno,Envio aceptado HTTP 200 para 7 URLs del embudo de calculadora descuentos y sitemap actualizado
Guia descuento maximo Mercado Libre,https://bozicovichsantiago20-oss.github.io/kit-vendedor-express/guias/descuento-maximo-mercado-libre-sin-perder-margen.html,Publicado,No,Ninguno,Entrada SEO publicada status 200 con CTA calculadora y Auditoria Express USD 7 PayPal CBU y entrada comercial
Perfil GitHub guia descuento maximo,https://github.com/bozicovichsantiago20-oss,Publicado,No,Ninguno,README de perfil actualizado commit 14ca63d con guia descuento maximo sin perder margen
Hub raiz guia descuento maximo,https://bozicovichsantiago20-oss.github.io/,Publicado,No,Ninguno,Hub raiz actualizado commit f17e042 y verificado HTTP 200 con guia descuento maximo en index llms y sitemap
Gists release guia descuento maximo,https://gist.github.com/bozicovichsantiago20-oss/c587166eb90c3020afbe68f5be09d846,Publicado,No,Ninguno,Gist calculadora gist maestro y release v1.0.0 verificados con guia descuento maximo sin perder margen
IndexNow guia descuento maximo,https://api.indexnow.org/IndexNow,Publicado,No,Ninguno,Envios aceptados HTTP 200 para sitio principal y hub raiz incluyendo guia descuento maximo calculadora sitemap y llms
GitHub topics repo principal,https://github.com/bozicovichsantiago20-oss/kit-vendedor-express,Publicado,No,Ninguno,Topics y descripcion reforzados para descuentos promociones margen no-login seller-tools Mercado Libre y PayPal CBU
GitHub topics calculadora descuentos,https://github.com/bozicovichsantiago20-oss/calculadora-descuentos-mercado-libre,Publicado,No,Ninguno,Topics y descripcion reforzados para descuentos promociones margen envio gratis no-login Mercado Libre seller-tools
Telegraph descuento maximo,https://telegra.ph/Descuento-maximo-en-Mercado-Libre-sin-perder-margen-06-06,Publicado,No,Ninguno,Articulo externo publico status 200 con guia descuento maximo calculadora auditoria USD 7 PayPal CBU y entrada comercial
Micrositio calculadora descuento maximo,https://bozicovichsantiago20-oss.github.io/calculadora-descuentos-mercado-libre/,Publicado,No,Ninguno,Micrositio actualizado commit 7182db1 con guia descuento maximo articulo externo auditoria USD 7 PayPal CBU y entrada comercial; IndexNow HTTP 200
Gist descuento maximo Mercado Libre,https://gist.github.com/bozicovichsantiago20-oss/429433c4210dd50ff113316eb2ab5e53,Publicado,No,Ninguno,Ficha publica especifica con guia descuento maximo calculadora micrositio Telegra auditoria USD 7 PayPal CBU y entrada comercial
Guia simulador promociones Mercado Libre,https://bozicovichsantiago20-oss.github.io/kit-vendedor-express/guias/simulador-promociones-mercado-libre.html,Publicado,No,Ninguno,Entrada SEO publicada status 200 con calculadora auditoria USD 7 PayPal CBU entrada comercial sitemap llms home e IndexNow HTTP 200
Telegraph simulador promociones Mercado Libre,https://telegra.ph/Simulador-de-promociones-Mercado-Libre-sin-perder-margen-06-06,Publicado,No,Ninguno,Articulo externo publico status 200 con guia simulador calculadora descuento maximo auditoria USD 7 PayPal CBU y entrada comercial
Micrositio calculadora simulador promociones,https://bozicovichsantiago20-oss.github.io/calculadora-descuentos-mercado-libre/,Publicado,No,Ninguno,Micrositio real actualizado commit 4e54ad3 con guia simulador promociones Telegra simulador auditoria USD 7 PayPal CBU y entrada comercial; IndexNow HTTP 200 con clave raiz
Gist simulador promociones Mercado Libre,https://gist.github.com/bozicovichsantiago20-oss/5166deaa0d53c6edf470f0e9f3a2062f,Publicado,No,Ninguno,Ficha publica especifica con guia simulador promociones calculadora micrositio Telegra auditoria USD 7 PayPal CBU y entrada comercial
Release y gists simulador promociones,https://github.com/bozicovichsantiago20-oss/kit-vendedor-express/releases/tag/v1.0.0,Publicado,No,Ninguno,Release v1.0.0 gist calculadora y gist maestro actualizados y verificados con guia simulador promociones gist especifico auditoria USD 7 PayPal CBU y entrada comercial
Perfil GitHub simulador promociones,https://github.com/bozicovichsantiago20-oss,Publicado,No,Ninguno,README de perfil actualizado commit 2c62574 con guia simulador promociones gist especifico calculadora descuento auditoria USD 7 PayPal CBU y entrada comercial
Hub raiz simulador promociones,https://bozicovichsantiago20-oss.github.io/,Publicado,No,Ninguno,Hub raiz actualizado commit f20550d con guia simulador promociones gist especifico micrositio calculadora y archivos llms humans sitemap; IndexNow HTTP 200
Schema calculadoras descuento,https://bozicovichsantiago20-oss.github.io/kit-vendedor-express/herramientas/calculadora-descuentos-mercado-libre.html,Publicado,No,Ninguno,Calculadora principal commit 1661dbe y micrositio commit 00e05fd con WebApplication HowTo FAQPage BreadcrumbList y OrderAction hacia auditoria USD 7; URLs HTTP 200 e IndexNow HTTP 200
Schema landing de descuentos hacia Auditoria Express,https://bozicovichsantiago20-oss.github.io/kit-vendedor-express/herramientas/calculadora-descuentos-mercado-libre.html,Publicado,No,Ninguno,Landing calculadora descuentos commit 049cae6 con WebPage Offer OrderAction HowTo BreadcrumbList publico HTTP 200 parseado e IndexNow HTTP 200 hacia entrada comercial USD 7
Schema comparador ofertas,https://bozicovichsantiago20-oss.github.io/kit-vendedor-express/ofertas.html,Publicado,No,Ninguno,Comparador ofertas commit 34343e8 con WebPage ItemList BreadcrumbList y 11 opciones visibles entre gratis, Base USD 5, Auditoria USD 7 y Bundle USD 15; publico HTTP 200 parseado e IndexNow HTTP 200
Checkout pago y entrega,https://bozicovichsantiago20-oss.github.io/kit-vendedor-express/pago-y-entrega.html,Publicado,No,Ninguno,Checkout commit e747ea8 con descargas directas base auditoria recursos avanzados bundle y schema OfferCatalog WebPage HowTo DownloadAction OrderAction BreadcrumbList; publico HTTP 200 ZIPs HTTP 200 e IndexNow HTTP 200
Superficies GitHub compra directa,https://github.com/bozicovichsantiago20-oss/kit-vendedor-express,Publicado,No,Ninguno,Repo principal commit 09d7976 perfil commit 8cd4ab0 gist maestro 715e4cb actualizado y descripcion del repo optimizada con Mercado Libre; README perfil y Gist verificados con compra directa PayPal USD 5, USD 7 y USD 15
Hub raiz schema ofertas,https://bozicovichsantiago20-oss.github.io/,Publicado,No,Ninguno,Hub raiz commit 73baa15 con botones PayPal Auditoria USD 7 schema WebSite WebPage OfferCatalog 7 ofertas llms humans actualizados; URLs raiz llms humans HTTP 200 e IndexNow HTTP 200
Schema compra base,https://bozicovichsantiago20-oss.github.io/kit-vendedor-express/comprar.html,Publicado,No,Ninguno,Compra base commit 5f63f14 con WebPage Product Offer BuyAction DownloadAction BreadcrumbList PayPal USD 5 CBU y descarga ZIP; pagina publica HTTP 200 ZIP HTTP 200 e IndexNow HTTP 200
Schema bundle vendedor,https://bozicovichsantiago20-oss.github.io/kit-vendedor-express/bundle.html,Publicado,No,Ninguno,Bundle commit 8e89131 con WebPage Product Offer BuyAction DownloadAction ShareAction BreadcrumbList PayPal USD 15 CBU compartir y descarga ZIP; pagina publica HTTP 200 ZIP HTTP 200 e IndexNow HTTP 200
Schema Bundle vendedor,https://bozicovichsantiago20-oss.github.io/kit-vendedor-express/bundle.html,Publicado,No,Ninguno,recursos avanzados commit aaaae31 con WebPage Product Offer BuyAction DownloadAction BreadcrumbList PayPal USD 15 CBU y descarga ZIP; pagina publica HTTP 200 ZIP HTTP 200 e IndexNow HTTP 200
Schema auditoria express,https://bozicovichsantiago20-oss.github.io/kit-vendedor-express/auditoria.html,Publicado,No,Ninguno,Auditoria commit 7e12634 con WebPage Product Offer BuyAction DownloadAction BreadcrumbList PayPal USD 7 CBU y descarga ZIP; pagina publica HTTP 200 ZIP HTTP 200 e IndexNow HTTP 200
Schema Bundle respuestas listas,https://bozicovichsantiago20-oss.github.io/kit-vendedor-express/comprar.html,Publicado,No,Ninguno,Bundle respuestas listas commit 0d46629 con WebPage Service Offer OrderAction HowTo FAQPage BreadcrumbList PayPal USD 15 y entrega digital y entrega publica; pagina publica HTTP 200 JSON-LD parseado e IndexNow HTTP 200
Schema Auditoria Express,https://bozicovichsantiago20-oss.github.io/kit-vendedor-express/auditoria.html,Publicado,No,Ninguno,Auditoria Express commit dd99dc6 con WebPage Service Offer OrderAction HowTo FAQPage BreadcrumbList PayPal USD 7 entrada comercial y sitemap actualizado; pagina publica HTTP 200 JSON-LD parseado e IndexNow HTTP 200
Schema priorizador preguntas,https://bozicovichsantiago20-oss.github.io/kit-vendedor-express/herramientas/priorizador-preguntas-mercado-libre.html,Publicado,No,Ninguno,Priorizador preguntas commit b173375 con WebPage WebApplication UseAction Offer OrderAction HowTo FAQPage BreadcrumbList CTA PayPal USD 15 y sitemap actualizado; pagina publica HTTP 200 JSON-LD parseado e IndexNow HTTP 200
Schema generador auditoria,https://bozicovichsantiago20-oss.github.io/kit-vendedor-express/herramientas/generador-auditoria-publicacion-marketplace.html,Publicado,No,Ninguno,Generador auditoria commit b73a161 con WebPage WebApplication UseAction Offer BuyAction DownloadAction OrderAction HowTo FAQPage BreadcrumbList CTA PayPal USD 7 y sitemap actualizado; pagina publica HTTP 200 JSON-LD parseado e IndexNow HTTP 200
Schema generador respuestas rapidas,https://bozicovichsantiago20-oss.github.io/kit-vendedor-express/herramientas/generador-respuestas-rapidas-mercado-libre.html,Publicado,No,Ninguno,Generador respuestas commit 7aadbca con WebPage WebApplication UseAction Offer BuyAction DownloadAction OrderAction HowTo FAQPage BreadcrumbList CTA PayPal USD 15 y sitemap actualizado; pagina publica HTTP 200 JSON-LD parseado e IndexNow HTTP 200
Schema generador WhatsApp,https://bozicovichsantiago20-oss.github.io/kit-vendedor-express/herramientas/generador-mensajes-whatsapp-ventas.html,Publicado,No,Ninguno,Generador WhatsApp commit 9eb6e33 con WebPage WebApplication UseAction Offer BuyAction DownloadAction HowTo FAQPage BreadcrumbList CTA PayPal USD 5 y PayPal USD 15 ZIP base y sitemap actualizado; pagina publica HTTP 200 JSON-LD parseado e IndexNow HTTP 200
Schema calculadora precio,https://bozicovichsantiago20-oss.github.io/kit-vendedor-express/herramientas/calculadora-precio-venta-online.html,Publicado,No,Ninguno,Calculadora precio commit 4d34c9f con WebPage WebApplication UseAction Offer BuyAction DownloadAction OrderAction HowTo FAQPage BreadcrumbList CTA PayPal USD 7 y sitemap actualizado; pagina publica HTTP 200 JSON-LD parseado e IndexNow HTTP 200
Schema generador titulos,https://bozicovichsantiago20-oss.github.io/kit-vendedor-express/herramientas/generador-titulos-mercado-libre.html,Publicado,No,Ninguno,Generador titulos commit 0727c4d con WebPage WebApplication UseAction Offer BuyAction DownloadAction HowTo FAQPage BreadcrumbList CTA PayPal USD 5 y PayPal USD 15 ZIP base y sitemap actualizado; pagina publica HTTP 200 JSON-LD parseado e IndexNow HTTP 200
Schema generador prompts,https://bozicovichsantiago20-oss.github.io/kit-vendedor-express/herramientas/generador-prompts-ventas-marketplace.html,Publicado,No,Ninguno,Generador prompts commit 01dfba2 con WebPage WebApplication UseAction Offer BuyAction DownloadAction HowTo FAQPage BreadcrumbList CTA PayPal USD 5 y PayPal USD 15 ZIP base y sitemap actualizado; pagina publica HTTP 200 JSON-LD parseado e IndexNow HTTP 202
Schema publicacion no vende,https://bozicovichsantiago20-oss.github.io/kit-vendedor-express/por-que-mi-publicacion-no-vende-mercado-libre.html,Publicado,No,Ninguno,Guia publicacion no vende commit 7d6dcc8 con Article WebPage Service Offer OrderAction Product BuyAction DownloadAction HowTo FAQPage BreadcrumbList CTA PayPal USD 7 ZIP auditoria y sitemap actualizado; pagina publica HTTP 200 JSON-LD parseado ZIP HTTP 200 e IndexNow HTTP 200
Schema checklist publicacion,https://bozicovichsantiago20-oss.github.io/kit-vendedor-express/guias/checklist-publicacion-marketplace.html,Publicado,No,Ninguno,Guia checklist commit 8e82e4b con Article WebPage Product Offer BuyAction DownloadAction Service OrderAction HowTo FAQPage BreadcrumbList CTA PayPal USD 7 ZIP auditoria y sitemap actualizado; pagina publica HTTP 200 JSON-LD parseado ZIP HTTP 200 e IndexNow HTTP 200
Schema plantillas respuestas,https://bozicovichsantiago20-oss.github.io/kit-vendedor-express/guias/plantillas-respuestas-ventas-online.html,Publicado,No,Ninguno,Guia plantillas respuestas commit c382a49 con Article WebPage Product Offer BuyAction DownloadAction HowTo FAQPage BreadcrumbList CTA PayPal USD 5 y PayPal USD 15 ZIP base ZIP bundle y sitemap actualizado; pagina publica HTTP 200 JSON-LD parseado ZIPs HTTP 200 e IndexNow HTTP 200
Schema pack vendedor ML WhatsApp,https://bozicovichsantiago20-oss.github.io/kit-vendedor-express/guias/pack-vendedor-mercado-libre-whatsapp.html,Publicado,No,Ninguno,Guia pack vendedor commit 327ff2e con Article WebPage Product Offer BuyAction DownloadAction HowTo FAQPage BreadcrumbList CTA PayPal USD 5 y PayPal USD 15 ZIP base ZIP bundle y sitemap actualizado; pagina publica HTTP 200 JSON-LD parseado ZIPs HTTP 200 e IndexNow HTTP 200
Schema respuestas rapidas guia,https://bozicovichsantiago20-oss.github.io/kit-vendedor-express/guias/respuestas-rapidas-mercado-libre.html,Publicado,No,Ninguno,Guia respuestas rapidas commit 380ad22 con Article WebPage Product Offer BuyAction DownloadAction Service OrderAction HowTo FAQPage BreadcrumbList CTA PayPal USD 5 y PayPal USD 15 ZIP base ZIP bundle y sitemap actualizado; pagina publica HTTP 200 JSON-LD parseado ZIPs HTTP 200 e IndexNow HTTP 200
Schema calcular precio guia,https://bozicovichsantiago20-oss.github.io/kit-vendedor-express/guias/calcular-precio-venta-mercado-libre.html,Publicado,No,Ninguno,Guia calcular precio commit cb1b3eb con Article WebPage Product Offer BuyAction DownloadAction Service OrderAction HowTo FAQPage BreadcrumbList CTA PayPal USD 7 ZIP auditoria y sitemap actualizado; pagina publica HTTP 200 JSON-LD parseado ZIP HTTP 200 e IndexNow HTTP 200
Schema mensajes WhatsApp guia,https://bozicovichsantiago20-oss.github.io/kit-vendedor-express/guias/mensajes-whatsapp-ventas.html,Publicado,No,Ninguno,Guia mensajes WhatsApp commit 1450d5c con Article WebPage Product Offer BuyAction DownloadAction HowTo FAQPage BreadcrumbList CTA PayPal USD 5 y PayPal USD 15 ZIP base ZIP bundle y sitemap actualizado; pagina publica HTTP 200 JSON-LD parseado ZIPs HTTP 200 e IndexNow HTTP 200
Entrada comercial empezar,https://bozicovichsantiago20-oss.github.io/kit-vendedor-express/empezar.html,Publicado,No,Ninguno,Pagina central de decision commit 20e60b8 publicada HTTP 200 con schema WebPage OfferCatalog BuyAction FAQPage BreadcrumbList PayPal USD 5, USD 7 y USD 15; sitemap README llms humans y paginas comerciales enlazadas; IndexNow HTTP 200
Conversion generador respuestas core,https://bozicovichsantiago20-oss.github.io/kit-vendedor-express/herramientas/generador-respuestas-rapidas-mercado-libre.html,Publicado,No,Ninguno,Herramienta reforzada commit 42864d8 con caso practico comparacion gratis vs Base USD 5 Auditoria USD 7 Bundle USD 15 CTA superior y schema con BuyAction DownloadAction para ofertas principales; pagina publica HTTP 200 JSON-LD parseado e IndexNow HTTP 200
Conversion generador WhatsApp core,https://bozicovichsantiago20-oss.github.io/kit-vendedor-express/herramientas/generador-mensajes-whatsapp-ventas.html,Publicado,No,Ninguno,Herramienta reforzada commit 3a28b2a con caso practico conversacion WhatsApp comparacion gratis vs Base USD 5 Auditoria USD 7 Bundle USD 15 CTA superior y schema con BuyAction DownloadAction para ofertas principales; pagina publica HTTP 200 JSON-LD parseado e IndexNow HTTP 200
Conversion calculadora precio core,https://bozicovichsantiago20-oss.github.io/kit-vendedor-express/herramientas/calculadora-precio-venta-online.html,Publicado,No,Ninguno,Calculadora reforzada commit 904295d con caso practico de margen comparacion gratis vs Base USD 5 Auditoria USD 7 Bundle USD 15 CTA superior y schema con BuyAction DownloadAction para ofertas principales; se retiro foco de ofertas secundarias; pagina publica HTTP 200 JSON-LD parseado e IndexNow HTTP 200
