fecha,producto,canal,monto,moneda,estado,evidencia,notas
2026-06-04,Kit Vendedor Express,PayPal/CBU,0,USD,Sin cobro confirmado,No hay evidencia de pago,El objetivo sigue activo hasta verificar ingreso real
2026-06-05,Kit Vendedor Express,PayPal/CBU,0,USD,Sin cobro confirmado,Release 0 descargas y trafico GitHub 0,No hay acceso a PayPal o banco; requiere confirmacion externa para validar cobro
2026-06-05,Kit Vendedor Express Pro,PayPal/CBU,0,USD,Sin cobro confirmado,Base y Pro con 0 descargas de release; trafico GitHub 0,Pack Pro publicado pero aun sin evidencia de pago
2026-06-05,Auditoria Express de Publicacion,PayPal/CBU,0,USD,Sin cobro confirmado,Auditoria Base y Pro con 0 descargas de release; trafico GitHub 0,Producto publicado pero aun sin evidencia de pago
2026-06-05,Bundle Vendedor Express,PayPal/CBU,0,USD,Sin cobro confirmado,Bundle Auditoria Base y Pro con 0 descargas de release; trafico GitHub 0,Bundle publicado pero aun sin evidencia de pago
2026-06-05,Comparador de ofertas,PayPal/CBU,0,USD,Sin cobro confirmado,02:30 ART release 0 descargas y trafico GitHub 0,Comparador publicado para mejorar conversion; sin acceso a PayPal o banco para confirmar movimientos
2026-06-05,Micrositios tematicos GitHub Pages,PayPal/CBU,0,USD,Sin cobro confirmado,03:21 ART release 0 descargas y trafico GitHub 0 en 4 repos,Micrositios publicados e indexados; sin acceso a PayPal o banco para confirmar movimientos
2026-06-05,Aporte rapido USD 1,PayPal/CBU,0,USD,Sin cobro confirmado,03:44 ART release 0 descargas y trafico GitHub 0,Pagina de apoyo USD 1 publicada e indexada; sin acceso a PayPal o banco para confirmar movimientos
2026-06-05,Distribucion externa y guia ecommerce,PayPal/CBU,0,USD,Sin cobro confirmado,06:29 ART release 0 descargas y trafico GitHub 0 en 4 repos,Se publicaron nologin Zearches Telegraph AIToolsIndex y guia ecommerce; sin acceso a PayPal o banco para confirmar movimientos
2026-06-05,Gists y envios nologin adicionales,PayPal/CBU,0,USD,Sin cobro confirmado,06:41 ART release 0 descargas y trafico GitHub 0 en 4 repos,Se publicaron gists tematicos y se enviaron calculadora/prompts a nologin; sin acceso a PayPal o banco para confirmar movimientos
2026-06-05,Heartbeat 6 AM verificacion amplia,PayPal/CBU,0,USD,Sin cobro confirmado,06:42 ART sitios ZIP release Zearches Telegraph online; release 0 descargas y trafico GitHub 0 en 4 repos,No hay acceso a PayPal o banco; no hay evidencia local de cobro confirmado
2026-06-05,Mejora conversion herramientas gratis,PayPal/CBU,0,USD,Sin cobro confirmado,06:55 ART release 0 descargas y trafico GitHub 0 en 4 repos,PayPal directo CBU y apoyo USD 1 publicados en herramientas; sin acceso a PayPal o banco para confirmar movimientos
2026-06-05,Micrositios atencion cliente y precio ML,PayPal/CBU,0,USD,Sin cobro confirmado,07:16 ART release 0 descargas; micrositios nuevos status 200,Se publicaron dos GitHub Pages nuevos con PayPal/CBU e IndexNow; sin acceso a PayPal o banco para confirmar movimientos
2026-06-05,Directorios micrositios y FreeNoSignup,PayPal/CBU,0,USD,Sin cobro confirmado,07:30 ART release 0 descargas y trafico GitHub 0 en 6 repos,Zearches acepto micrositio de atencion; FreeNoSignup registro prompts y calculadora; sin acceso a PayPal o banco para confirmar movimientos
2026-06-05,Landing compra rapida respuestas hoy,PayPal/CBU,0,USD,Sin cobro confirmado,07:58 ART release 0 descargas trafico GitHub 0 vistas y 12 clones tecnicos,Pagina rapida publicada verificada status 200 y enviada a IndexNow; sin acceso a PayPal o banco para confirmar movimientos
2026-06-05,Landing reclamos y devoluciones,PayPal/CBU,0,USD,Sin cobro confirmado,08:27 ART release 0 descargas trafico GitHub 0 vistas y 12 clones tecnicos,Pagina postventa y articulo Telegraph publicados verificados status 200 con PayPal/CBU; sin acceso a PayPal o banco para confirmar movimientos
2026-06-05,Landing mensajes WhatsApp,PayPal/CBU,0,USD,Sin cobro confirmado,08:43 ART release 0 descargas trafico GitHub 0 vistas y 12 clones tecnicos,Pagina WhatsApp y articulo Telegraph publicados verificados status 200 con PayPal/CBU; sin acceso a PayPal o banco para confirmar movimientos
2026-06-05,Herramienta gratis WhatsApp y distribucion,PayPal/CBU,0,USD,Sin cobro confirmado,09:19 ART trafico GitHub 0 vistas registros locales 0 release luego mostro 1 descarga por ZIP tras verificaciones automaticas,Telegraph nuevo FreeNoSignup aceptado nologin limite diario hub raiz CBU verificado; descargas no atribuidas a venta y sin acceso a PayPal o banco para confirmar movimientos
2026-06-05,Herramienta auditoria publicacion y distribucion,PayPal/CBU,0,USD,Sin cobro confirmado,09:55 ART trafico GitHub 0 vistas release 1 descarga por ZIP sin nueva atribucion registros locales 0,Generador auditoria publicado IndexNow Telegraph FreeNoSignup ToolCommons; nologin limite diario AllWebList DNS; sin acceso a PayPal o banco para confirmar movimientos
2026-06-05,Landing inglesa auditoria y distribucion,PayPal/CBU,0,USD,Sin cobro confirmado,10:29 ART trafico GitHub 0 vistas release 1 descarga por ZIP registros locales 0,Landing inglesa publicada IndexNow Telegraph FreeNoSignup ToolCommons comentario; nologin limite diario AllWebList DNS; sin acceso a PayPal o banco para confirmar movimientos
2026-06-05,Auditoria personalizada express,PayPal/CBU,0,USD,Sin cobro confirmado,10:55 ART issues auditoria personalizada 0 trafico GitHub 0 vistas release 1 descarga por ZIP registros locales 0,Oferta USD 19 publicada con pedido GitHub Gist Telegraph IndexNow y guardia automatica; sin acceso a PayPal o banco para confirmar movimientos
2026-06-05,Pagina publicacion no vende y SEO GitHub,PayPal/CBU,0,USD,Sin cobro confirmado,11:22 ART issues auditoria personalizada 0 trafico GitHub 0 vistas release 1 descarga por ZIP registros locales 0,Pagina SEO publicada IndexNow Telegraph y metadata GitHub optimizada; sin acceso a PayPal o banco para confirmar movimientos
2026-06-05,Micrositio publicacion no vende,PayPal/CBU,0,USD,Sin cobro confirmado,11:49 ART issues auditoria personalizada 0 trafico GitHub principal 0 vistas micrositio status 200,Micrositio GitHub Pages publicado IndexNow y Zearches intento too_fast; sin acceso a PayPal o banco para confirmar movimientos
2026-06-05,Pago y entrega hub,PayPal/CBU,0,USD,Sin cobro confirmado,12:39 ART issues auditoria personalizada 0 trafico GitHub principal 0 vistas micrositio 0 vistas release 1 descarga por ZIP,Pagina pago-y-entrega publicada status 200 IndexNow 200 root gist perfil actualizados; sin acceso a PayPal o banco para confirmar movimientos
2026-06-05,NoSignup y micrositio WhatsApp,PayPal/CBU,0,USD,Sin cobro confirmado,13:29 ART issues auditoria personalizada 0 trafico GitHub principal 0 vistas release 1 descarga por ZIP,NoSignupTools envio success true micrositio WhatsApp publicado status 200 IndexNow 200 Zearches rate_limited; sin acceso a PayPal o banco para confirmar movimientos
